No,Timestamp,Detik_Relatif,Jarak_Depan_cm,Jarak_Bawah_cm,Delta_Turunan_cm,Kemiringan_MPU_deg,Sensor_Air_ADC,Kondisi_Air,Status_Bahaya,Kode_Bahaya_Num,Motor_Haptik,Motor_Biner,Buzzer_SOS,Buzzer_Biner,Sumber_Data
1,"2026-10-08 08:45:00.100",0.000,92.0,30.0,0,14.2,210,"KERING","OBJEK_WASPADA",1,"ON",1,"DIAM",0,"RIIL"
2,"2026-10-08 08:45:00.605",0.505,78.5,30.2,0,15.0,205,"KERING","OBJEK_WASPADA",1,"ON",1,"DIAM",0,"RIIL"
3,"2026-10-08 08:45:01.110",1.010,52.3,30.1,0,16.2,215,"KERING","OBJEK_SEDANG",2,"ON",1,"DIAM",0,"RIIL"
4,"2026-10-08 08:45:01.615",1.515,44.1,29.8,0,15.8,208,"KERING","OBJEK_SEDANG",2,"ON",1,"DIAM",0,"RIIL"
5,"2026-10-08 08:45:02.120",2.020,24.6,30.3,0,14.5,212,"KERING","OBJEK_DEKAT",3,"ON",1,"DIAM",0,"RIIL"
6,"2026-10-08 08:45:02.625",2.525,21.0,30.0,0,14.0,210,"KERING","OBJEK_DEKAT",3,"ON",1,"DIAM",0,"RIIL"
7,"2026-10-08 08:45:03.130",3.030,120.0,52.4,22,18.5,215,"KERING","TEPI_TURUNAN",5,"ON",1,"DIAM",0,"RIIL"
8,"2026-10-08 08:45:03.635",3.535,125.0,55.1,25,19.2,210,"KERING","TEPI_TURUNAN",5,"ON",1,"DIAM",0,"RIIL"
9,"2026-10-08 08:45:04.140",4.040,128.0,54.8,25,18.9,205,"KERING","TEPI_TURUNAN",5,"ON",1,"DIAM",0,"RIIL"
10,"2026-10-08 08:45:04.645",4.545,130.0,30.2,0,15.1,210,"KERING","NORMAL",0,"OFF",0,"DIAM",0,"RIIL"
